Purchase ID,Date,Vendor,Material,Site,Vehicle ID,Filled,Empty,Net,Qty,UOM,Rate,Value
PID-0001,22-03-2025,SVE,Wetmix,Gudibande,KA50A5598,44450,11580,32870,32.87,Ton,682.5,"22,434"
PID-0002,22-03-2025,SVE,Wetmix,Gudibande,KA40A7625,43900,11610,32290,32.29,Ton,682.5,"22,038"
PID-0003,22-03-2025,SVE,Wetmix,Gudibande,KA40A5024,44270,11360,32910,32.91,Ton,682.5,"22,461"
PID-0004,26-03-2025,SVE,Wetmix,Gudibande,KA40A7625,43650,11610,32040,32.04,Ton,682.5,"21,867"
PID-0005,26-03-2025,SVE,Wetmix,Gudibande,KA40A5607,43790,11580,32210,32.21,Ton,682.5,"21,983"
PID-0006,26-03-2025,SVE,Wetmix,Gudibande,KA40A5024,42060,11360,30700,30.7,Ton,682.5,"20,953"
PID-0007,26-03-2025,SVE,Wetmix,Gudibande,KA40A7624,42890,11620,31270,31.27,Ton,682.5,"21,342"
PID-0008,26-03-2025,SVE,Wetmix,Gudibande,KA40A7625,44170,11620,32550,32.55,Ton,682.5,"22,215"
PID-0009,26-03-2025,SVE,Wetmix,Gudibande,KA40A5024,43900,11360,32540,32.54,Ton,682.5,"22,209"
PID-0010,27-03-2025,SVE,Wetmix,Gudibande,KA50A5607,43470,11770,31700,31.7,Ton,682.5,"21,635"
PID-0011,27-03-2025,SVE,Wetmix,Gudibande,KA40A7625,44420,11670,32750,32.75,Ton,682.5,"22,352"
PID-0012,27-03-2025,SVE,Wetmix,Gudibande,KA40A7625,43550,11630,31920,31.92,Ton,682.5,"21,785"
PID-0013,27-03-2025,SVE,Wetmix,Gudibande,KA50A5607,42580,11570,31010,31.01,Ton,682.5,"21,164"
PID-0014,27-03-2025,SVE,Wetmix,Gudibande,KA40A7624,43390,11640,31750,31.75,Ton,682.5,"21,669"
PID-0015,27-03-2025,SVE,Wetmix,Gudibande,KA40A5024,43550,11360,32190,32.19,Ton,682.5,"21,970"
PID-0016,27-03-2025,SVE,Wetmix,Gudibande,KA40A7625,44180,11560,32620,32.62,Ton,682.5,"22,263"
PID-0017, ,SVE, ,Gudibande, , , , ,31.97,Ton,682.5,"21,820"
PID-0018,9/4/2025,SVE,Wetmix,Gudibande,KA50A5607,44120,11580,32540,32.54,Ton,682.5,"22,209"
PID-0019,9/4/2025,SVE,Wetmix,Gudibande,KA40A7625,43740,11610,32130,32.13,Ton,682.5,"21,929"
PID-0020,9/4/2025,SVE,Wetmix,Gudibande,KA50A5598,45030,11560,33470,33.47,Ton,682.5,"22,843"
PID-0021,9/4/2025,SVE,Wetmix,Gudibande,KA40A7625,45090,11640,33450,33.45,Ton,682.5,"22,830"
PID-0022,9/4/2025,SVE,Wetmix,Gudibande,KA50A5607,44940,11580,33360,33.36,Ton,682.5,"22,768"
PID-0023,9/4/2025,SVE,Wetmix,Gudibande,KA40A9842,42460,11630,30830,30.83,Ton,682.5,"21,041"
PID-0024,10/4/2025,SVE,Wetmix,Gudibande,KA50A5607,44620,11580,33040,33.04,Ton,682.5,"22,550"
PID-0025,10/4/2025,SVE,Wetmix,Gudibande,KA40A7625,43540,11610,31930,31.93,Ton,682.5,"21,792"
PID-0026,10/4/2025,SVE,Wetmix,Gudibande,KA40A7624,43240,11620,31620,31.62,Ton,682.5,"21,581"
PID-0027,10/4/2025,SVE,Wetmix,Gudibande,KA50A5607,44590,11580,33010,33.01,Ton,682.5,"22,529"
PID-0028,10/4/2025,SVE,Wetmix,Gudibande,KA40A7624,43360,11630,31730,31.73,Ton,682.5,"21,656"
PID-0029,10/4/2025,SVE,Wetmix,Gudibande,KA40A7625,43690,11620,32070,32.07,Ton,682.5,"21,888"
PID-0030,10/4/2025,SVE,Wetmix,Gudibande,KA40A7625,43910,11620,32290,32.29,Ton,682.5,"22,038"
PID-0031,11/4/2025,SVE,Wetmix,Gudibande,KA50A5607,44480,11580,32900,32.9,Ton,682.5,"22,454"
PID-0032,11/4/2025,SVE,Wetmix,Gudibande,KA40A7624,45210,11620,33590,33.59,Ton,682.5,"22,925"
PID-0033,11/4/2025,SVE,Wetmix,Gudibande,KA40A7625,46450,11610,34840,34.84,Ton,682.5,"23,778"
PID-0034,11/4/2025,SVE,M-Sand,Gudibande,KA50A5598,42640,11560,31080,31.08,Ton,682.5,"21,212"
PID-0035,11/4/2025,SVE,20mm,Gudibande,KA40A7625,40560,11570,28990,28.99,Ton,682.5,"19,786"
PID-0036,12/4/2025,SVE,Wetmix,Gudibande,KA50A5607,44130,11590,32540,32.54,Ton,682.5,"22,209"
PID-0037,12/4/2025,SVE,Wetmix,Gudibande,KA40A7625,45100,11580,33520,33.52,Ton,682.5,"22,877"
PID-0038,12/4/2025,SVE,Wetmix,Gudibande,KA40A7624,44340,11600,32740,32.74,Ton,682.5,"22,345"
PID-0039,12/4/2025,SVE,Wetmix,Gudibande,KA50A5607,42680,11560,31120,31.12,Ton,682.5,"21,239"
PID-0040,12/4/2025,SVE,Wetmix,Gudibande,KA40A7624,42760,11610,31150,31.15,Ton,682.5,"21,260"
PID-0041,12/4/2025,SVE,Wetmix,Gudibande,KA40A7625,43220,11630,31590,31.59,Ton,682.5,"21,560"
PID-0042,12/4/2025,SVE,Wetmix,Gudibande,KA50A5598,43670,11580,32090,32.09,Ton,682.5,"21,901"
PID-0043,14-04-2025,SVE,Wetmix,Gudibande,KA40A7624,44120,11600,32520,32.52,Ton,682.5,"22,195"
PID-0044,14-04-2025,SVE,Wetmix,Gudibande,KA40A7625,45460,11620,33840,33.84,Ton,682.5,"23,096"
PID-0045,14-04-2025,SVE,Wetmix,Gudibande,KA50A5607,45220,11590,33630,33.63,Ton,682.5,"22,952"
PID-0046,14-04-2025,SVE,Wetmix,Gudibande,KA50A5598,46280,11560,34720,34.72,Ton,682.5,"23,696"
PID-0047,14-04-2025,SVE,Wetmix,Gudibande,KA40A7625,44130,11610,32520,32.52,Ton,682.5,"22,195"
PID-0048,14-04-2025,SVE,Wetmix,Gudibande,KA40A7624,42790,11630,31160,31.16,Ton,682.5,"21,267"
PID-0049,14-04-2025,SVE,Wetmix,Gudibande,KA50A5607,43560,11580,31980,31.98,Ton,682.5,"21,826"
PID-0050,18-04-2025,SVE,Wetmix,Gudibande,KA50A5598,44600,11590,33010,33.01,Ton,682.5,"22,529"
PID-0051,18-04-2025,SVE,Wetmix,Gudibande,KA40A7625,43400,11580,31820,31.82,Ton,682.5,"21,717"
PID-0052,18-04-2025,SVE,Wetmix,Gudibande,KA40A7624,42940,11580,31360,31.36,Ton,682.5,"21,403"
PID-0053,18-04-2025,SVE,Wetmix,Gudibande,KA50A5607,42540,11600,30940,30.94,Ton,682.5,"21,117"
PID-0054,18-04-2025,SVE,M-sand,Gudibande,KA40A7624,43320,11610,31710,31.71,Ton,682.5,"21,642"
PID-0055,18-04-2025,SVE,20mm,Gudibande,KA40A7625,40370,11610,28760,28.76,Ton,682.5,"19,629"
PID-0056,19-04-2025,SVE,Wetmix,Gudibande,KA50A5607,42460,11590,30870,30.87,Ton,682.5,"21,069"
PID-0057,19-04-2025,SVE,Wetmix,Gudibande,KA40A7624,42660,11610,31050,31.05,Ton,682.5,"21,192"
PID-0058,19-04-2025,SVE,Wetmix,Gudibande,KA40A7625,42180,11620,30560,30.56,Ton,682.5,"20,857"
PID-0059,19-04-2025,SVE,Wetmix,Gudibande,KA50A5598,43360,11580,31780,31.78,Ton,682.5,"21,690"
PID-0060,19-04-2025,SVE,Wetmix,Gudibande,KA40A7625,44750,11640,33110,33.11,Ton,682.5,"22,598"
PID-0061,19-04-2025,SVE,Wetmix,Gudibande,KA50A5598,44230,11570,32660,32.66,Ton,682.5,"22,290"
PID-0062,19-04-2025,SVE,Wetmix,Gudibande,KA50A5607,45220,11580,33640,33.64,Ton,682.5,"22,959"
PID-0063,19-04-2025,SVE,Wetmix,Gudibande,KA40A7625,44620,11610,33010,33.01,Ton,682.5,"22,529"
PID-0064,19-04-2025,SVE,Wetmix,Gudibande,KA50A5598,44360,11570,32790,32.79,Ton,682.5,"22,379"
PID-0065,19-04-2025,SVE,Wetmix,Gudibande,KA40A7624,44560,11610,32950,32.95,Ton,682.5,"22,488"
PID-0066,19-04-2025,SVE,Wetmix,Gudibande,KA40A7625,44320,11610,32710,32.71,Ton,682.5,"22,325"
PID-0067,21-04-2025,SVE,Wetmix,Gudibande,KA50A5607,43220,11590,31630,31.63,Ton,682.5,"21,587"
PID-0068,21-04-2025,SVE,Wetmix,Gudibande,KA40A7624,42660,11610,31050,31.05,Ton,682.5,"21,192"
PID-0069,21-04-2025,SVE,Wetmix,Gudibande,KA50A5598,44120,11560,32560,32.56,Ton,682.5,"22,222"
PID-0070,21-04-2025,SVE,Wetmix,Gudibande,KA40A7625,42820,11630,31190,31.19,Ton,682.5,"21,287"
PID-0071,21-04-2025,SVE,Wetmix,Gudibande,KA50A5598,43440,11560,31880,31.88,Ton,682.5,"21,758"
PID-0072,21-04-2025,SVE,Wetmix,Gudibande,KA50A5607,43660,11590,32070,32.07,Ton,682.5,"21,888"
PID-0073,21-04-2025,SVE,Wetmix,Gudibande,KA40A7625,44360,11610,32750,32.75,Ton,682.5,"22,352"
PID-0074,21-04-2025,SVE,Wetmix,Gudibande,KA40A7624,42820,11630,31190,31.19,Ton,682.5,"21,287"
PID-0075,22-04-2025,SVE,Wetmix,Gudibande,KA40A 7625,44250,11620,32630,32.63,Ton,682.5,"22,270"
PID-0076,22-04-2025,SVE,Wetmix,Gudibande,KA50A 5598,45860,11570,34290,34.29,Ton,682.5,"23,403"
PID-0077,22-04-2025,SVE,Wetmix,Gudibande,KA40A 7624,43690,11620,32070,32.07,Ton,682.5,"21,888"
PID-0078,22-04-2025,SVE,Wetmix,Gudibande,KA40A5607,44540,11590,32950,32.95,Ton,682.5,"22,488"
PID-0079,24-04-2025,SVE,Msand,Gudibande,KA40A 5024,41380,11360,30020,30.02,Ton,682.5,"20,489"
PID-0080,24-04-2025,SVE,20mm,Gudibande,KA40A 5024,39640,11360,28280,28.28,Ton,682.5,"19,301"
PID-0081,25-04-2025,SVE,Wetmix,Gudibande,KA40A5607,45600,11610,33990,33.99,Ton,682.5,"23,198"
PID-0082,25-04-2025,SVE,Wetmix,Gudibande,KA50A 5598,45400,11600,33800,33.8,Ton,682.5,"23,069"
PID-0083,25-04-2025,SVE,Wetmix,Gudibande,KA40A5607,45040,11590,33450,33.45,Ton,682.5,"22,830"
PID-0084,25-04-2025,SVE,Wetmix,Gudibande,KA40A 7624,43240,11610,31630,31.63,Ton,682.5,"21,587"
PID-0085,25-04-2025,SVE,Wetmix,Gudibande,KA40A 5024,43390,11360,32030,32.03,Ton,682.5,"21,860"
PID-0086,25-04-2025,SVE,Wetmix,Gudibande,KA40A5607,44630,11590,33040,33.04,Ton,682.5,"22,550"
PID-0087,25-04-2025,SVE,Wetmix,Gudibande,KA50A 5598,44170,11560,32610,32.61,Ton,682.5,"22,256"
PID-0088,26-04-2025,SVE,Wetmix,Gudibande,KA40A5607,44800,11590,33210,33.21,Ton,682.5,"22,666"
PID-0089,26-04-2025,SVE,Wetmix,Gudibande,KA40A 5024,43100,11400,31700,31.7,Ton,682.5,"21,635"
PID-0090,26-04-2025,SVE,Wetmix,Gudibande,KA40A 7624,43400,11600,31800,31.8,Ton,682.5,"21,704"
PID-0091,26-04-2025,SVE,Wetmix,Gudibande,KA40A 7624,45300,11610,33690,33.69,Ton,682.5,"22,993"
PID-0092,26-04-2025,SVE,Wetmix,Gudibande,KA40A 5024,45620,11380,34240,34.24,Ton,682.5,"23,369"
PID-0093,26-04-2025,SVE,Wetmix,Gudibande,KA40A5607,45680,11590,34090,34.09,Ton,682.5,"23,266"
PID-0094,26-04-2025,SVE,Wetmix,Gudibande,KA50A 5598,44190,11560,32630,32.63,Ton,682.5,"22,270"
PID-0095,28-04-2025,SVE,Wetmix,Gudibande,KA40A5607,45440,11590,33850,33.85,Ton,682.5,"23,103"
PID-0096,28-04-2025,SVE,Wetmix,Gudibande,KA40A 7625,43110,11620,31490,31.49,Ton,682.5,"21,492"
PID-0097,28-04-2025,SVE,Wetmix,Gudibande,KA40A 5024,42090,11390,30700,30.7,Ton,682.5,"20,953"
PID-0098,28-04-2025,SVE,Wetmix,Gudibande,KA50A 5598,44480,11560,32920,32.92,Ton,682.5,"22,468"
PID-0099,28-04-2025,SVE,Wetmix,Gudibande,KA40A5607,45760,11590,34170,34.17,Ton,682.5,"23,321"
PID-0100,28-04-2025,SVE,Wetmix,Gudibande,KA40A 7624,44800,11620,33180,33.18,Ton,682.5,"22,645"
PID-0101,28-04-2025,SVE,Wetmix,Gudibande,KA40A 5024,44490,11360,33130,33.13,Ton,682.5,"22,611"
PID-0102,29-04-2025,SVE,Wetmix,Gudibande,KA40A5607,45250,11590,33660,33.66,Ton,682.5,"22,973"
PID-0103,29-04-2025,SVE,Wetmix,Gudibande,KA40A 7625,43930,11640,32290,32.29,Ton,682.5,"22,038"
PID-0104,29-04-2025,SVE,Wetmix,Gudibande,KA40A 7624,44390,11630,32760,32.76,Ton,682.5,"22,359"
PID-0105,29-04-2025,SVE,Wetmix,Gudibande,KA40A 5024,42870,11360,31510,31.51,Ton,682.5,"21,506"
PID-0106,29-04-2025,SVE,Wetmix,Gudibande,KA40A 7625,43980,11610,32370,32.37,Ton,682.5,"22,093"
PID-0107,29-04-2025,SVE,Wetmix,Gudibande,KA40A 7624,44280,11630,32650,32.65,Ton,682.5,"22,284"
PID-0108,29-04-2025,SVE,Wetmix,Gudibande,KA40A 5024,42350,11360,30990,30.99,Ton,682.5,"21,151"
PID-0109,9/5/2025,SVE,Msand ,Gudibande,KA40A5024,43780,11360,32420,32.42,Ton,708.75,"22,977.68"
PID-0110,3/6/2025,SVE,wettmix,Gudibande,KA40A5024,44260,11350,32910,32.91,Ton,682.5,"22,461"
PID-0111,3/6/2025,SVE,wettmix,Gudibande,KA40A7625,44450,11590,32860,32.86,Ton,682.5,"22,427"
PID-0112,3/6/2025,SVE,wettmix,Gudibande,KA50A5607,44560,11550,33010,33.01,Ton,682.5,"22,529"
PID-0113,12/6/2025,SVE,wettmix,Gudibande,KA40A7625,44220,11590,32630,32.63,Ton,682.5,"22,270"
PID-0114,12/6/2025,SVE,wettmix,Gudibande,KA40A9842,44340,11840,32500,32.5,Ton,682.5,"22,181"
PID-0115,12/6/2025,SVE,wettmix,Gudibande,KA40A7625,43820,11680,32140,32.14,Ton,682.5,"21,936"
PID-0116,12/6/2025,SVE,wettmix,Gudibande,KA50A5598,43690,11760,31930,31.93,Ton,682.5,"21,792"
PID-0117,12/6/2025,SVE,wettmix,Gudibande,KA40A7625,43740,11590,32150,32.15,Ton,682.5,"21,942"
PID-0118,12/6/2025,SVE,wettmix,Gudibande,KA50A5598,43880,11470,32410,32.41,Ton,682.5,"22,120"
PID-0119,12/6/2025,SVE,wettmix,Gudibande,KA50A5594,43580,11470,32110,32.11,Ton,682.5,"21,915"
PID-0120,26-03-2025,SANDROCK,WET MIX,Gudibande,KA 43 A 0729,,, ,38,Ton,724.5,27531
PID-0121,22-03-205,SANDROCK,WET MIX,Gudibande,KA 43 B 5454,,, ,37.27,Ton,724.5,27002
PID-0122,22-03-2025,SANDROCK,WET MIX,Gudibande,KA 43 B 4554,,, ,39.52,Ton,724.5,28632
PID-0123,22-03-2025,SANDROCK,WET MIX,Gudibande,KA 43 A 4455,,, ,35.64,Ton,724.5,25821
PID-0124,22-03-2025,SANDROCK,WET MIX,Gudibande,KA 43 A 4554,,, ,34.75,Ton,724.5,25176
PID-0125,22-03-2025,SANDROCK,WET MIX,Gudibande,KA 43 A 0739,,, ,37.46,Ton,724.5,27140
PID-0126,22-03-2025,SANDROCK,WET MIX,Gudibande,KA 43 A 9919,,, ,45.45,Ton,724.5,32929
PID-0127,22-03-025,SANDROCK,WET MIX,Gudibande,KA A3 A 0729,,, ,37.01,Ton,724.5,26814
PID-0128,22-03-2025,SANDROCK,WET MIX,Gudibande,KA 43 B 5454,,, ,33.89,Ton,724.5,24553
PID-0129,22-03-2025,SANDROCK,WET MIX,Gudibande,KA 43 B 4554,,, ,37.89,Ton,724.5,27451
PID-0130,22-03-2025,SANDROCK,WET MIX,Gudibande,KA 43 A 4455,,, ,32.7,Ton,724.5,23691
PID-0131,22-03-2025,SANDROCK,WET MIX,Gudibande,KA 43 A 5544,,, ,45.42,Ton,724.5,32907
PID-0132,26-03-2025,SANDROCK,WET MIX,Gudibande,KA 43 A 4554,,, ,35.75,Ton,724.5,25901
PID-0133,26-03-2025,SANDROCK,WET MIX,Gudibande,KA  43 B 5445,,, ,39.02,Ton,724.5,28270
PID-0134,26-03-2025,SANDROCK,WET MIX,Gudibande,KA 43 A 4455,,, ,35.07,Ton,724.5,25408
PID-0135,26-03-2025,SANDROCK,WET MIX,Gudibande,KA 43 A 4554,,, ,36.02,Ton,724.5,26096
PID-0136,26-03-2025,SANDROCK,WET MIX,Gudibande,KA 43 B 4554,,, ,39.88,Ton,724.5,28893
PID-0137,26-03-2025,SANDROCK,WET MIX,Gudibande,KA 43 B 5445,,, ,40.29,Ton,724.5,29190
PID-0138,26-03-2025,SANDROCK,WET MIX,Gudibande,KA 43 B 5454,,, ,35.38,Ton,724.5,25633
PID-0139,26-03-2025,SANDROCK,WET MIX,Gudibande,KA 43 A 4455,,, ,34.02,Ton,724.5,24647
PID-0140,27-03-2025,SANDROCK,WET MIX,Gudibande,KA 43 A 4554,,, ,34.4,Ton,724.5,24923
PID-0141,27-03-2025,SANDROCK,WET MIX,Gudibande,KA 43 A 4455,,, ,35.42,Ton,724.5,25662
PID-0142,27-03-2025,SANDROCK,WET MIX,Gudibande,KA 43 A 5544,,, ,43.15,Ton,724.5,31262
PID-0143,27-03-2025,SANDROCK,WET MIX,Gudibande,KA 43 B 5454,,, ,37.87,Ton,724.5,27437
PID-0144,27-03-2025,SANDROCK,WET MIX,Gudibande,KA 43 B 4554,,, ,34.64,Ton,724.5,25097
PID-0145,27-03-2025,SANDROCK,WET MIX,Gudibande,KA 43 B 5445,,, ,37.07,Ton,724.5,26857
PID-0146,10/4/2025,SANDROCK,Wetmix,Gudibande,KA43B4554,49820,12740,37080,37.08,Ton,798,29589.84
PID-0147,10/4/2025,SANDROCK,Wetmix,Gudibande,KA43A5445,47520,11380,36140,36.14,Ton,798,28839.72
PID-0148,10/4/2025,SANDROCK,Wetmix,Gudibande,KA43B5445,50080,12860,37220,37.22,Ton,798,29701.56
PID-0149,10/4/2025,SANDROCK,Wetmix,Gudibande,KA43A3033,49570,11650,37920,37.92,Ton,798,30260.16
PID-0150,10/4/2025,SANDROCK,Wetmix,Gudibande,KA43A4554,47510,11380,36130,36.13,Ton,798,28831.74
PID-0151,19-06-2025,SANDROCK, WET MIX,Gudibande,KA 43 A 5454,,,,37.97,Ton,798,30300
PID-0152,19-06-2025,SANDROCK, WET MIX,Gudibande,KA 43 B 5445,,,,38.11,Ton,798,30412
PID-0153,19-06-2025,SANDROCK, WET MIX,Gudibande,KA 43 A 3033,,,,32.2,Ton,798,25696
PID-0154,19-06-2025,SANDROCK, WET MIX,Gudibande,KA 43 A 5544,,,,38.75,Ton,798,30923
PID-0155,19-06-2025,SANDROCK, WET MIX,Gudibande,KA 43 A 4455,,,,34.93,Ton,798,27874
PID-0156,19-06-2025,SANDROCK, WET MIX,Gudibande,KA 43 A 5445,,,,33.84,Ton,798,27004
PID-0157,03.06.2025,SANDROCK, WET MIX,Gudibande, KA 43 A 9919,,,,43.56,Ton,798,34761
PID-0158,03.06.2025,SANDROCK, WET MIX,Gudibande, KA 43 A 9919,,,,46.44,Ton,798,37059
PID-0159,03.06.2025,SANDROCK, WET MIX,Gudibande, KA 43 A 9919,,,,45.94,Ton,798,36660
PID-0160,17-06-2025,SANDROCK, WET MIX,Gudibande, KA 43 A 9919,,,,49.67,Ton,798,39637
PID-0161,18-06-2025,SANDROCK, WET MIX,Gudibande, KA 43 A 9919,,,,47.9,Ton,798,38224
PID-0162,19-06-2025,SANDROCK,WET MIX,Gudibande,KA43A5454,,,,37.85,Ton,798,30204
PID-0163,19-06-2025,SANDROCK,WET MIX,Gudibande,KA43B5445,,,,38.46,Ton,798,30691
PID-0164,19-06-2025,SANDROCK,WET MIX,Gudibande,KA43A5544,,,,41.49,Ton,798,33109
PID-0165,19-06-2025,SANDROCK,WET MIX,Gudibande,KA43A3033,,,,36.99,Ton,798,29518
PID-0166,19-06-2025,SANDROCK,WET MIX,Gudibande,KA43A4455,,,,37,Ton,798,29526
PID-0167,19-06-2025,SANDROCK,WET MIX,Gudibande,KA43A5445,,,,35.63,Ton,798,28433
PID-0168,19-06-2025,SANDROCK, WET MIX,Gudibande, KA 43 A 9919,,,,47.28,Ton,798,37729
PID-0169,19-06-2025,SANDROCK, WET MIX,Gudibande, KA 43 A 0739,,,,37.38,Ton,798,29829
PID-0170,19-06-2025,SANDROCK, WET MIX,Gudibande, KA 43 A 0739,,,,38.69,Ton,798,30875
PID-0171,19-06-2025,SANDROCK, WET MIX,Gudibande, KA 43 A 0729,,,,39.23,Ton,798,31306
PID-0172,19-06-2025,SANDROCK, WET MIX,Gudibande, KA 43 A 0729,,,,36.08,Ton,798,28792
PID-0173,19-06-2025,SANDROCK, WET MIX,Gudibande, KA 43 A 0729,,,,37.69,Ton,798,30077
PID-0174,19-06-2025,SANDROCK, WET MIX,Gudibande, KA 43 A 0739,,,,36.37,Ton,798,29023
PID-0175,20-06-2025,SANDROCK, WET MIX,Gudibande, KA 43 A 0739,,,,35.16,Ton,798,28058
PID-0176,20-06-2025,SANDROCK, WET MIX,Gudibande, KA 43 A 0729,,,,36.92,Ton,798,29462
PID-0177,1/7/2025,SANDROCK,WETMIX,Gudibande,KA43A5454,51.64,12.65,,38.99,Ton,798,"31,114"
PID-0178,1/7/2025,SANDROCK,WETMIX,Gudibande,KA43B5445,51.51,12.63,,38.88,Ton,798,"31,026"
PID-0179,1/7/2025,SANDROCK,WETMIX,Gudibande,KA43B4554,49.39,12.62,,36.77,Ton,798,"29,342"
PID-0180,1/7/2025,SANDROCK,WETMIX,Gudibande,KA43A4554,45.89,11.62,,34.27,Ton,798,"27,347"
PID-0181,1/7/2025,SANDROCK,WETMIX,Gudibande,KA43A5544,51.5,14.82,,36.68,Ton,798,"29,271"
PID-0182,1/7/2025,SANDROCK,WETMIX,Gudibande,KA43A4455,48.67,11.63,,37.04,Ton,798,"29,558"
PID-0183,1/7/2025,SANDROCK,WETMIX,Gudibande,KA43A5445,45.67,11.61,,34.06,Ton,798,"27,180"
PID-0184,1-Jul-25,SANDROCK,GSB,Gudibande,KA 43 B 4554,50.58,12.88,,37.7,Ton,798,"30,085"
PID-0185,1-Jul-25,SANDROCK,GSB,Gudibande,KA 43 B 5445,51.16,12.67,,38.49,Ton,798,"30,715"
PID-0186,1-Jul-25,SANDROCK,GSB,Gudibande,KA 43 A 4455,46.41,11.78,,34.63,Ton,798,"27,635"
PID-0187,1-Jul-25,SANDROCK,GSB,Gudibande,KA 43 A 5454,51.57,12.76,,38.81,Ton,798,"30,970"
PID-0188,1-Jul-25,SANDROCK,GSB,Gudibande,KA 43 A 5544,54.55,14.56,,39.99,Ton,798,"31,912"
PID-0189,1-Jul-25,SANDROCK,GSB,Gudibande,KA 43 A 4554,47.27,11.4,,35.87,Ton,798,"28,624"
PID-0190,1-Jul-25,SANDROCK,GSB,Gudibande,KA 43 A 5445,45.83,11.71,,34.12,Ton,798,"27,228"
PID-0191,03.07.2025,SANDROCK, WET MIX,Gudibande,  KA 43 A 9919, , ,,48.99,Ton,798,"39,094"
PID-0192,21-03-2025,SMM,WETMIX,Gudibande,KA43A 4323,50850,12800,38050,38.05,Ton,703.5,"26,768"
PID-0193,21-03-2025,SMM,WETMIX,Gudibande,KA 43 A 4326,51250,12200,39050,39.05,Ton,703.5,"27,472"
PID-0194,21-03-2025,SMM,WETMIX,Gudibande,KA43A 4325,52650,12740,39910,39.91,Ton,703.5,"28,077"
PID-0195,21-03-2025,SMM,WETMIX,Gudibande,KA43 A 0814,48150,11800,36350,36.35,Ton,703.5,"25,572"
PID-0196,21-03-2025,SMM,WETMIX,Gudibande,KA 43 A 2973,48860,11490,37370,37.37,Ton,703.5,"26,290"
PID-0197,21-03-2025,SMM,WETMIX,Gudibande,KA 43 A 2974,49870,11500,38370,38.37,Ton,703.5,"26,993"
PID-0198,21-03-2025,SMM,WETMIX,Gudibande,KA43A 4325,52860,12740,40120,40.12,Ton,703.5,"28,224"
PID-0199,22-03-2025,SMM,WETMIX,Gudibande,KA 43 A 2974,45580,11500,34080,34.08,Ton,703.5,"23,975"
PID-0200,22-03-2025,SMM,WETMIX,Gudibande,KA43A 4325,50850,12740,38110,38.11,Ton,703.5,"26,810"
PID-0201,22-03-2025,SMM,WETMIX,Gudibande,KA 43 A 4326,49360,12200,37160,37.16,Ton,703.5,"26,142"
PID-0202,24-03-2025,SMM,WETMIX,Gudibande,KA43 A 0814,46470,11800,34670,34.67,Ton,703.5,"24,390"
PID-0203,24-03-2025,SMM,WETMIX,Gudibande,KA43 A 0814,47950,11800,36150,36.15,Ton,703.5,"25,432"
PID-0204,24-03-2025,SMM,WETMIX,Gudibande,KA 43 A 2974,47950,11500,36450,36.45,Ton,703.5,"25,643"
PID-0205,26-03-2025,SMM,WETMIX,Gudibande,KA 43 A 2974,47870,11500,36370,36.37,Ton,703.5,"25,586"
PID-0206,26-03-2025,SMM,WETMIX,Gudibande,KA43 A 0814,47130,11800,35330,35.33,Ton,703.5,"24,855"
PID-0207,26-03-2025,SMM,WETMIX,Gudibande,KA43 A 0814,46950,11800,35150,35.15,Ton,703.5,"24,728"
PID-0208,27-03-2025,SMM,WETMIX,Gudibande,KA43 A 0814,47730,11800,35930,35.93,Ton,703.5,"25,277"
PID-0209,27-03-2025,SMM,WETMIX,Gudibande,KA43 A 0814,47650,11800,35850,35.85,Ton,703.5,"25,220"
PID-0210,22-03-2025,SMM,WETMIX,Gudibande,KA43A 4325,51300,12740,38560,38.56,Ton,703.5,"27,127"
PID-0211,22-03-2025,SMM,WETMIX,Gudibande,KA 43 A 4326,47170,12760,34410,34.41,Ton,703.5,"24,207"
PID-0212,22-03-2025,SMM,WETMIX,Gudibande,KA43A0815,43210,11660,31550,31.55,Ton,703.5,"22,195"
PID-0213,22-03-2025,SMM,WETMIX,Gudibande,KA43A 4325,50470,12740,37730,37.73,Ton,703.5,"26,543"
PID-0214,25-03-2025,SMM,WETMIX,Gudibande,KA 43 A 2974,44110,11500,32610,32.61,Ton,703.5,"22,941"
PID-0215,25-03-2025,SMM,WETMIX,Gudibande,KA 43 A 2974,48600,11500,37100,37.1,Ton,703.5,"26,100"
PID-0216,25-03-2025,SMM,WETMIX,Gudibande,KA43 A 0814,46000,11800,34200,34.2,Ton,703.5,"24,060"
PID-0217,25-03-2025,SMM,WETMIX,Gudibande,KA 43 A 4324,50470,12720,37750,37.75,Ton,703.5,"26,557"
PID-0218,25-03-2025,SMM,WETMIX,Gudibande,KA43A 4323,49860,12730,37130,37.13,Ton,703.5,"26,121"
PID-0219,25-03-2025,SMM,WETMIX,Gudibande,KA 43 A 4326,53190,12760,40430,40.43,Ton,703.5,"28,443"
PID-0220,1/4/2025,SMM,WETMIX,Gudibande,KA43A 4325,12740,50860,38120,38.12,Ton,630,"24,016"
PID-0221,1/4/2025,SMM,WETMIX,Gudibande,KA 43 A 2972,11870,47650,35780,35.78,Ton,630,"22,541"
PID-0222,1/4/2025,SMM,WETMIX,Gudibande,KA43 A 0814,11800,45820,34020,34.02,Ton,630,"21,433"
PID-0223,1/4/2025,SMM,WETMIX,Gudibande,KA 43 A 2973,11490,45260,33770,33.77,Ton,630,"21,275"
PID-0224,1/4/2025,SMM,WETMIX,Gudibande,KA43A0815,11660,45550,33890,33.89,Ton,630,"21,351"
PID-0225,1/4/2025,SMM,WETMIX,Gudibande,KA 43 A 2971,11140,51500,40360,40.36,Ton,630,"25,427"
PID-0226,1/4/2025,SMM,WETMIX,Gudibande,KA43 A 1636,14570,62690,48120,48.12,Ton,630,"30,316"
PID-0227,1/4/2025,SMM,WETMIX,Gudibande,KA43A 4325,12340,52540,40200,40.2,Ton,630,"25,326"
PID-0228,1/4/2025,SMM,WETMIX,Gudibande,KA 43 A 2972,11870,48290,36420,36.42,Ton,630,"22,945"
PID-0229,1/4/2025,SMM,WETMIX,Gudibande,KA 43 A 4324,12720,52730,40010,40.01,Ton,630,"25,206"
PID-0230,1/4/2025,SMM,WETMIX,Gudibande,KA43A0815,11660,46700,35040,35.04,Ton,630,"22,075"
PID-0231,1/4/2025,SMM,WETMIX,Gudibande,KA43A 4325,12340,52140,39800,39.8,Ton,630,"25,074"
PID-0232,1/4/2025,SMM,WETMIX,Gudibande,KA43 A 1636,14570,59730,45160,45.16,Ton,630,"28,451"
PID-0233,2/4/2025,SMM,WETMIX,Gudibande,KA43A 4325,12340,53600,41260,41.26,Ton,630,"25,994"
PID-0234,2/4/2025,SMM,WETMIX,Gudibande,KA43A 4323,12730,55500,42770,42.77,Ton,630,"26,945"
PID-0235,2/4/2025,SMM,WETMIX,Gudibande,KA43A0815,11660,46670,35010,35.01,Ton,630,"22,056"
PID-0236,2/4/2025,SMM,WETMIX,Gudibande,KA 43 A 4324,12720,55650,42930,42.93,Ton,630,"27,046"
PID-0237,2/4/2025,SMM,WETMIX,Gudibande,KA 43 A 4326,12760,55550,42790,42.79,Ton,630,"26,958"
PID-0238,2/4/2025,SMM,WETMIX,Gudibande,KA 43 A 2973,11490,47660,36170,36.17,Ton,630,"22,787"
PID-0239,2/4/2025,SMM,WETMIX,Gudibande,KA 43 A 2972,11870,47660,35790,35.79,Ton,630,"22,548"
PID-0240,5/4/2025,SMM,WETMIX,Gudibande,KA 43 A 2971,11780,48300,36520,36.52,Ton,630,"23,008"
PID-0241,5/4/2025,SMM,WETMIX,Gudibande,KA 43 A 4326,12000,51700,39700,39.7,Ton,630,"25,011"
PID-0242,5/4/2025,SMM,WETMIX,Gudibande,KA43A 4325,12320,53610,41290,41.29,Ton,630,"26,013"
PID-0243,5/4/2025,SMM,WETMIX,Gudibande,KA 43 A 2972,11610,48490,36880,36.88,Ton,630,"23,234"
PID-0244,5/4/2025,SMM,WETMIX,Gudibande,KA 43 A 2973,10860,49740,38880,38.88,Ton,630,"24,494"
PID-0245,5/4/2025,SMM,WETMIX,Gudibande,KA43 A 0814,11800,45660,33860,33.86,Ton,630,"21,332"
PID-0246,2/4/2025,SMM,WETMIX,Gudibande,KA43A 4325,12670,53960,41290,41.29,Ton,630,"26,013"
PID-0247,2/4/2025,SMM,WETMIX,Gudibande,KA43A 4325,12060,52680,40620,40.62,Ton,630,"25,591"
PID-0248,8/4/2025,SMM,WETMIX,Gudibande,KA 43 A 4326,12760,51680,38920,38.92,Ton,630,"24,520"
PID-0249,8/4/2025,SMM,WETMIX,Gudibande,KA 43 A 2973,10860,46850,35990,35.99,Ton,630,"22,674"
PID-0250,8/4/2025,SMM,WETMIX,Gudibande,KA43A 4325,12320,50750,38430,38.43,Ton,630,"24,211"
PID-0251,8/4/2025,SMM,WETMIX,Gudibande,KA43A0815,11660,44030,32370,32.37,Ton,630,"20,393"
PID-0252,8/4/2025,SMM,WETMIX,Gudibande,KA43 A 0814,11800,44280,32480,32.48,Ton,630,"20,462"
PID-0253,9/4/2025,SMM,WETMIX,Gudibande,KA 43 A 2971,11780,47800,36020,36.02,Ton,630,"22,693"
PID-0254,9/4/2025,SMM,WETMIX,Gudibande,KA43 A 0814,11800,46150,34350,34.35,Ton,630,"21,641"
PID-0255,9/4/2025,SMM,WETMIX,Gudibande,KA 43 A 4324,12720,50630,37910,37.91,Ton,630,"23,883"
PID-0256,15-04-2025,SMM,WETMIX,Gudibande,KA43A0815,11660,43140,31480,31.48,Ton,630,"19,832"
PID-0257,15-04-2025,SMM,WETMIX,Gudibande,KA 43 A 2971,11780,46820,35040,35.04,Ton,630,"22,075"
PID-0258,15-04-2025,SMM,WETMIX,Gudibande,KA 43 A 2974,11500,45950,34450,34.45,Ton,630,"21,704"
PID-0259,15-04-2025,SMM,WETMIX,Gudibande,KA43A 4325,12780,50710,37930,37.93,Ton,630,"23,896"
PID-0260,15-04-2025,SMM,WETMIX,Gudibande,KA 43 A 2973,10860,47900,37040,37.04,Ton,630,"23,335"
PID-0261,30-04-2025,SMM,WETMIX,Gudibande,KA51AK 6109,14880,59750,44870,44.87,Ton,630,"28,268"
PID-0262,15-05-2025,SMM,20mm,Gudibande,KA 43 A 4326,48160,12790,35370,35.37,Ton,651,23025.87
PID-0263,20-05-2025,SMM,20mm,Gudibande,KA 43 A 4326,47850,12790,35060,35.06,Ton,651,22824.06
PID-0264,23-05-2025,SMM,20mm,Gudibande,KA 43 A 4326,47580,12790,34790,34.79,Ton,651,22648.29
PID-0265,20-05-2025,SMM,MSAND,Gudibande,KA 43 A 4324,49500,12710,36790,36.79,Ton,651,23950.29
PID-0266,22-05-2025,SMM,MSAND,Gudibande,KA43 A 1634,56650,14030,42620,42.62,Ton,651,27745.62
PID-0267,23-05-2025,SMM,WETMIX,Gudibande,KA 43 A 2972,46830,11800,35030,35.03,Ton,630,22068.9
PID-0268,27-05-2025,SMM,WETMIX,Gudibande,KA 43 A 2974,45900,11620,34280,34.28,Ton,630,21596.4
PID-0269,27-05-2025,SMM,WETMIX,Gudibande,KA43A 4323,49930,12840,37090,37.09,Ton,630,23366.7
PID-0270,27-05-2025,SMM,WETMIX,Gudibande,KA 43 A 4326,51270,11700,39570,39.57,Ton,630,24929.1
PID-0271,27-05-2025,SMM,WETMIX,Gudibande,KA51AK 6109,56910,15180,41730,41.73,Ton,630,26289.9
PID-0272,3/6/2025,SMM,WETMIX,Gudibande,KA 43 A 2974,11620,47650,36030,36.03,Ton,630,22698.9
PID-0273,3/6/2025,SMM,WETMIX,Gudibande,KA 43 A 4324,12650,50180,37530,37.53,Ton,630,23643.9
PID-0274,3/6/2025,SMM,WETMIX,Gudibande,KA43A 4325,12720,51250,38530,38.53,Ton,630,24273.9
PID-0275,3/6/2025,SMM,WETMIX,Gudibande,KA 43 A 4326,12750,53540,40790,40.79,Ton,630,25697.7
PID-0276,3/6/2025,SMM,WETMIX,Gudibande,KA 43 A 2972,11800,49120,37320,37.32,Ton,630,23511.6
PID-0277,3/6/2025,SMM,WETMIX,Gudibande,KA 43 A 2971,11700,47750,36050,36.05,Ton,630,22711.5
PID-0278,3/6/2025,SMM,WETMIX,Gudibande,KA 43 A 2974,11620,49970,38350,38.35,Ton,630,24160.5
PID-0279,3/6/2025,SMM,WETMIX,Gudibande,KA 43 A 2973,11030,46850,35820,35.82,Ton,630,22566.6
PID-0280,3/6/2025,SMM,WETMIX,Gudibande,KA43A 4325,12720,52970,40250,40.25,Ton,630,25357.5
PID-0281,3/6/2025,SMM,WETMIX,Gudibande,KA43A 4323,12760,52990,40230,40.23,Ton,630,25344.9
PID-0282,3/6/2025,SMM,WETMIX,Gudibande,KA 43 A 2971,11700,47920,36220,36.22,Ton,630,22818.6
PID-0283,3/6/2025,SMM,WETMIX,Gudibande,KA43A0815,11580,45860,34280,34.28,Ton,630,21596.4
PID-0284,3/6/2025,SMM,WETMIX,Gudibande,KA 43 A 2972,11800,47090,35290,35.29,Ton,630,22232.7
PID-0285,3/6/2025,SMM,WETMIX,Gudibande,KA43 A 1636,14260,59990,45730,45.73,Ton,630,28809.9
PID-0286,10/6/2025,SMM,WETMIX,Gudibande,KA 43 A 2974,11500,51750,40250,40.25,Ton,630,25357.5
PID-0287,10/6/2025,SMM,WETMIX,Gudibande,KA 43 A 2973,11530,49550,38020,38.02,Ton,630,23952.6
PID-0288,10/6/2025,SMM,WETMIX,Gudibande,KA43 A 1636,14260,60970,46710,46.71,Ton,630,29427.3
PID-0289,10/6/2025,SMM,WETMIX,Gudibande,KA43 A 1634,14390,55820,41430,41.43,Ton,630,26100.9
PID-0290,10/6/2025,SMM,WETMIX,Gudibande,KA 43 A 4326,12800,53880,41080,41.08,Ton,630,25880.4
PID-0291,10/6/2025,SMM,WETMIX,Gudibande,KA43A 4323,12830,49880,37050,37.05,Ton,630,23341.5
PID-0292,10/6/2025,SMM,WETMIX,Gudibande,KA 43 A 4324,12650,52950,40300,40.3,Ton,630,25389
PID-0293,10/6/2025,SMM,WETMIX,Gudibande,KA 43 A 2974,11500,47960,36460,36.46,Ton,630,22969.8
PID-0294,11/6/2025,SMM,WETMIX,Gudibande,KA43 A 0814,12200,46350,34150,34.15,Ton,630,21514.5
PID-0295,11/6/2025,SMM,WETMIX,Gudibande,KA 43 A 2973,11530,47950,36420,36.42,Ton,630,22944.6
PID-0296,11/6/2025,SMM,WETMIX,Gudibande,KA43A0815,11580,45650,34070,34.07,Ton,630,21464.1
PID-0297,11/6/2025,SMM,WETMIX,Gudibande,KA 43 A 2974,11500,49850,38350,38.35,Ton,630,24160.5
PID-0298,11/6/2025,SMM,WETMIX,Gudibande,KA 43 A 4326,12800,53850,41050,41.05,Ton,630,25861.5
PID-0299,12/6/2025,SMM,WETMIX,Gudibande,KA 43 A 4326,12800,53460,40660,40.66,Ton,630,25615.8
PID-0300,12/6/2025,SMM,WETMIX,Gudibande,KA 43 A 2974,11500,48350,36850,36.85,Ton,630,23215.5
PID-0301,12/6/2025,SMM,WETMIX,Gudibande,KA 43 A 2972,11800,47870,36070,36.07,Ton,630,22724.1
PID-0302,12/6/2025,SMM,WETMIX,Gudibande,KA 43 A 4324,12650,53530,40880,40.88,Ton,630,25754.4
PID-0303,12/6/2025,SMM,WETMIX,Gudibande,KA43 A 0814,12200,45740,33540,33.54,Ton,630,21130.2
PID-0304,12/6/2025,SMM,WETMIX,Gudibande,KA 43 A 2973,11530,43710,32180,32.18,Ton,630,20273.4
PID-0305,12/6/2025,SMM,WETMIX,Gudibande,KA 43 A 2972,11800,46990,35190,35.19,Ton,630,22169.7
PID-0306,12/6/2025,SMM,WETMIX,Gudibande,KA43A 4323,12830,51920,39090,39.09,Ton,630,24626.7
PID-0307,13-06-2025,SMM,WETMIX,Gudibande,KA43A 4325,12720,55200,42480,42.48,Ton,630,26762.4
PID-0308,13-06-2025,SMM,WETMIX,Gudibande,KA 43 A 2971,11630,47580,36080,36.08,Ton,630,22730.4
PID-0309,13-06-2025,SMM,WETMIX,Gudibande,KA 43 A 4326,12800,52850,40050,40.05,Ton,630,25231.5
PID-0310,13-06-2025,SMM,WETMIX,Gudibande,KA 43 A 4324,12650,50650,38000,38,Ton,630,23940
PID-0311,13-06-2025,SMM,WETMIX,Gudibande,KA 43 A 2974,11500,48860,37360,37.36,Ton,630,23536.8
PID-0312,14-06-2025,SMM,WETMIX,Gudibande,KA43 A 1634,14420,57700,43280,43.28,Ton,630,27266.4
PID-0313,14-06-2025,SMM,WETMIX,Gudibande,KA 43 A 4326,12800,50980,38180,38.18,Ton,630,24053.4
PID-0314,14-06-2025,SMM,WETMIX,Gudibande,KA 43 A 2974,11500,44600,33100,33.1,Ton,630,20853
PID-0315,14-06-2025,SMM,WETMIX,Gudibande,KA51AK 6109,15050,60260,45210,45.21,Ton,630,28482.3
PID-0316,14-06-2025,SMM,WETMIX,Gudibande,KA 43 A 4324,12670,47980,35310,35.31,Ton,630,22245.3
PID-0317,14-06-2025,SMM,WETMIX,Gudibande,KA 43 A 2971,11570,45660,34090,34.09,Ton,630,21476.7
PID-0318,14-06-2025,SMM,WETMIX,Gudibande,KA 43 A 2972,11570,47040,35470,35.47,Ton,630,22346.1
PID-0319,17-06-2025,SMM,WETMIX,Gudibande,KA 43 A 4324,12670,51560,38890,38.89,Ton,630,24500.7
PID-0320,17-06-2025,SMM,WETMIX,Gudibande,KA43A0815,11580,44270,32690,32.69,Ton,630,20594.7
PID-0321,17-06-2025,SMM,WETMIX,Gudibande,KA 43 A 2972,11410,47420,36010,36.01,Ton,630,22686.3
PID-0322,17-06-2025,SMM,WETMIX,Gudibande,KA43A 4323,12830,52650,39820,39.82,Ton,630,25086.6
PID-0323,18-06-2025,SMM,WETMIX,Gudibande,KA 43 A 4326,12660,51150,38490,38.49,Ton,630,24248.7
PID-0324,18-06-2025,SMM,WETMIX,Gudibande,KA43A0815,11580,46250,34670,34.67,Ton,630,21842.1
PID-0325,18-06-2025,SMM,WETMIX,Gudibande,KA43 A 1634,14420,59580,45160,45.16,Ton,630,28450.8
PID-0326,18-06-2025,SMM,WETMIX,Gudibande,KA43 A 1636,14260,60430,46170,46.17,Ton,630,29087.1
PID-0327,18-06-2025,SMM,WETMIX,Gudibande,KA51AK 6109,15050,57540,42490,42.49,Ton,630,26768.7
PID-0328,18-06-2025,SMM,WETMIX,Gudibande,KA 43 A 4324,12670,51680,39010,39.01,Ton,630,24576.3
PID-0329,18-06-2025,SMM,WETMIX,Gudibande,KA43A0815,11580,44850,33270,33.27,Ton,630,20960.1
PID-0330,18-06-2025,SMM,WETMIX,Gudibande,KA 43 A 4326,12660,53850,41190,41.19,Ton,630,25949.7
PID-0331,18-06-2025,SMM,WETMIX,Gudibande,KA 43 A 2971,11570,50850,39280,39.28,Ton,630,24746.4
PID-0332,18-06-2025,SMM,WETMIX,Gudibande,KA51AK 6109,15050,59890,44840,44.84,Ton,630,28249.2
PID-0333,19-06-2025,SMM,WETMIX,Gudibande,KA 43 A 2973,11500,44680,33180,33.18,Ton,630,20903.4
PID-0334,19-06-2025,SMM,WETMIX,Gudibande,KA 43 A 4324,12670,51870,39200,39.2,Ton,630,24696
PID-0335,19-06-2025,SMM,WETMIX,Gudibande,KA51AK 6109,15050,56590,41540,41.54,Ton,630,26170.2
PID-0336,19-06-2025,SMM,WETMIX,Gudibande,KA43A 4325,12720,50530,37810,37.81,Ton,630,23820.3
PID-0337,19-06-2025,SMM,WETMIX,Gudibande,KA 43 A 4326,12660,53540,40880,40.88,Ton,630,25754.4
PID-0338,30-06-2025,SMM,WETMIX,Gudibande,KA43 A 0814,12000,47850,35850,35.85,Ton,630,22585.5
PID-0339,30-06-2025,SMM,WETMIX,Gudibande,KA 43 A 4326,13000,51640,38640,38.64,Ton,630,24343.2
PID-0340,30-06-2025,SMM,WETMIX,Gudibande,KA43A 4323,12600,51650,39050,39.05,Ton,630,24601.5
PID-0341,30-06-2025,SMM,20mm,Gudibande,KA 43 A 2973,11500,44650,33150,33.15,Ton,651,21580.65
PID-0342,30-06-2025,SMM,WETMIX,Gudibande,KA43 A 1634,14700,55900,41200,41.2,Ton,630,25956
PID-0343,1/7/2025,SMM,WETMIX,Gudibande,KA43A0815,45990,11800,34190,34.19,Ton,630,21540
PID-0344,1/7/2025,SMM,WETMIX,Gudibande,KA 43 A 2971,48170,11620,36550,36.55,Ton,630,23027
PID-0345,1/7/2025,SMM,WETMIX,Gudibande,KA 43 A 2973,48940,11500,37440,37.44,Ton,630,23587
PID-0346,4/7/2025,SMM,WETMIX,Gudibande,KA 43 A 2974,47980,11760,36220,36.22,Ton,630,22819
PID-0347,4/7/2025,SMM,WETMIX,Gudibande,KA43 A 1636,57650,14530,43120,43.12,Ton,630,27166
PID-0348,4/7/2025,SMM,WETMIX,Gudibande,KA43 A 1634,57950,14700,43250,43.25,Ton,630,27248
PID-0349,4/7/2025,SMM,WETMIX,Gudibande,KA 43 A 2974,49370,11760,37610,37.61,Ton,630,23694
PID-0350,4/7/2025,SMM,GSB,Gudibande,KA 43 A 2973,49850,11500,38350,38.35,Ton,630,24161
PID-0351,4/7/2025,SMM,GSB,Gudibande,KA43A0815,45850,11800,34050,34.05,Ton,630,21452
PID-0352,4/7/2025,SMM,WETMIX,Gudibande,KA43 A 0814,46950,12000,34950,34.95,Ton,630,22019
PID-0353,4/7/2025,SMM,WETMIX,Gudibande,KA 43 A 2971,46350,11620,34730,34.73,Ton,630,21880
PID-0354,16-07-2025,SMM,MSAND,Gudibande,KA 43 A 4326,51650,12880,38770,38.77,Ton,651,25239
